run,parameter,joint,value,lower,upper,normalized_distance_to_boundary
O,armature,FL-abad,0.006461928132921457,9.999999974752427e-07,1.0,0.006460934593858559
O,armature,FL-thigh,2.1026849026384298e-06,9.999999974752427e-07,1.0,1.102686007849192e-06
O,armature,FL-calf,0.032027434557676315,9.999999974752427e-07,1.0,0.03202646658414535
O,armature,FR-abad,0.005926887504756451,9.999999974752427e-07,1.0,0.005925893430652391
O,armature,FR-thigh,7.467097475455375e-06,9.999999974752427e-07,1.0,6.467103945084062e-06
O,armature,FR-calf,0.030530080199241638,9.999999974752427e-07,1.0,0.030529110728354816
O,armature,RL-abad,0.007560172583907843,9.999999974752427e-07,1.0,0.007559180143090491
O,armature,RL-thigh,0.0001131162207457237,9.999999974752427e-07,1.0,0.00011211633286458103
O,armature,RL-calf,0.030819520354270935,9.999999974752427e-07,1.0,0.030818551172824556
O,armature,RR-abad,0.011033033952116966,9.999999974752427e-07,1.0,0.011032044984164447
O,armature,RR-thigh,2.132487225026125e-06,9.999999974752427e-07,1.0,1.1324883600392395e-06
O,armature,RR-calf,0.031806182116270065,9.999999974752427e-07,1.0,0.031805213921486435
O,damping,FL-abad,0.32331764698028564,0.0,7.0,0.04618823528289795
O,damping,FL-thigh,0.3511424660682678,0.0,7.0,0.050163209438323975
O,damping,FL-calf,0.3804265558719635,0.0,7.0,0.05434665083885193
O,damping,FR-abad,0.39852631092071533,0.0,7.0,0.05693233013153076
O,damping,FR-thigh,0.33984819054603577,0.0,7.0,0.04854974150657654
O,damping,FR-calf,0.3226298391819,0.0,7.0,0.04608997702598572
O,damping,RL-abad,0.42799273133277893,0.0,7.0,0.06114181876182556
O,damping,RL-thigh,0.343362957239151,0.0,7.0,0.04905185103416443
O,damping,RL-calf,0.30422425270080566,0.0,7.0,0.04346060752868652
O,damping,RR-abad,0.35105255246162415,0.0,7.0,0.05015036463737488
O,damping,RR-thigh,0.3669545352458954,0.0,7.0,0.05242207646369934
O,damping,RR-calf,0.321434885263443,0.0,7.0,0.045919269323349
O,frictionloss,FL-abad,0.2500119209289551,0.0,1.0,0.2500119209289551
O,frictionloss,FL-thigh,0.1608039140701294,0.0,1.0,0.1608039140701294
O,frictionloss,FL-calf,0.9999680519104004,0.0,1.0,3.1948089599609375e-05
O,frictionloss,FR-abad,0.164006769657135,0.0,1.0,0.164006769657135
O,frictionloss,FR-thigh,0.16879802942276,0.0,1.0,0.16879802942276
O,frictionloss,FR-calf,0.890254557132721,0.0,1.0,0.10974544286727905
O,frictionloss,RL-abad,0.1811484694480896,0.0,1.0,0.1811484694480896
O,frictionloss,RL-thigh,0.19853812456130981,0.0,1.0,0.19853812456130981
O,frictionloss,RL-calf,0.5740265846252441,0.0,1.0,0.42597341537475586
O,frictionloss,RR-abad,0.2545524835586548,0.0,1.0,0.2545524835586548
O,frictionloss,RR-thigh,0.23991501331329346,0.0,1.0,0.23991501331329346
O,frictionloss,RR-calf,0.5955274105072021,0.0,1.0,0.40447258949279785
O,bias,FL-abad,-0.2541595995426178,-0.30000001192092896,0.30000001192092896,0.07640068426129483
O,bias,FL-thigh,0.09434741735458374,-0.30000001192092896,0.30000001192092896,0.3427543106574094
O,bias,FL-calf,-0.13673032820224762,-0.30000001192092896,0.30000001192092896,0.2721161287182121
O,bias,FR-abad,0.1763002574443817,-0.30000001192092896,0.30000001192092896,0.20616624926860136
O,bias,FR-thigh,0.17658069729804993,-0.30000001192092896,0.30000001192092896,0.20569884953106046
O,bias,FR-calf,-0.13198478519916534,-0.30000001192092896,0.30000001192092896,0.2800253667423977
O,bias,RL-abad,-0.1861141324043274,-0.30000001192092896,0.30000001192092896,0.18980979165197245
O,bias,RL-thigh,-0.19383877515792847,-0.30000001192092896,0.30000001192092896,0.1769353875742202
O,bias,RL-calf,0.1773476004600525,-0.30000001192092896,0.30000001192092896,0.20442067764517952
O,bias,RR-abad,0.2480875849723816,-0.30000001192092896,0.30000001192092896,0.08652070814288822
O,bias,RR-thigh,-0.11972358822822571,-0.30000001192092896,0.30000001192092896,0.3004606942152701
O,bias,RR-calf,0.23019498586654663,-0.30000001192092896,0.30000001192092896,0.11634170546763319
O,delay,shared,4.588862419128418,0.0,10.0,0.4588862419128418
A,armature,FL-abad,0.007808145135641098,9.999999974752427e-07,1.5,0.005204766893607002
A,armature,FL-thigh,0.002232060069218278,9.999999974752427e-07,1.5,0.0014873743710634468
A,armature,FL-calf,0.031875770539045334,9.999999974752427e-07,1.5,0.021249861192606
A,armature,FR-abad,0.010126153938472271,9.999999974752427e-07,1.5,0.006750107125721269
A,armature,FR-thigh,0.004692806396633387,9.999999974752427e-07,1.5,0.00312787301633928
A,armature,FR-calf,0.03206348046660423,9.999999974752427e-07,1.5,0.02137500122773862
A,armature,RL-abad,0.013775923289358616,9.999999974752427e-07,1.5,0.009183288315099621
A,armature,RL-thigh,0.0070754108019173145,9.999999974752427e-07,1.5,0.004716277012131226
A,armature,RL-calf,0.032287754118442535,9.999999974752427e-07,1.5,0.021524517095308067
A,armature,RR-abad,0.014925427734851837,9.999999974752427e-07,1.5,0.009949625122986307
A,armature,RR-thigh,0.004879353567957878,9.999999974752427e-07,1.5,0.003252237880132183
A,armature,RR-calf,0.03310314565896988,9.999999974752427e-07,1.5,0.02206811181805611
A,damping,FL-abad,0.3601717948913574,0.0,10.0,0.03601717948913574
A,damping,FL-thigh,0.34997284412384033,0.0,10.0,0.03499728441238403
A,damping,FL-calf,0.31661421060562134,0.0,10.0,0.031661421060562134
A,damping,FR-abad,0.38538873195648193,0.0,10.0,0.03853887319564819
A,damping,FR-thigh,0.3553307056427002,0.0,10.0,0.03553307056427002
A,damping,FR-calf,0.3075367212295532,0.0,10.0,0.030753672122955322
A,damping,RL-abad,0.42666465044021606,0.0,10.0,0.042666465044021606
A,damping,RL-thigh,0.3824806213378906,0.0,10.0,0.03824806213378906
A,damping,RL-calf,0.31732648611068726,0.0,10.0,0.031732648611068726
A,damping,RR-abad,0.3975701332092285,0.0,10.0,0.03975701332092285
A,damping,RR-thigh,0.3904464840888977,0.0,10.0,0.03904464840888977
A,damping,RR-calf,0.3329482674598694,0.0,10.0,0.03329482674598694
A,frictionloss,FL-abad,0.17325809597969055,0.0,1.5,0.1155053973197937
A,frictionloss,FL-thigh,0.17469249665737152,0.0,1.5,0.11646166443824768
A,frictionloss,FL-calf,1.2520859241485596,0.0,1.5,0.16527605056762695
A,frictionloss,FR-abad,0.1138981282711029,0.0,1.5,0.0759320855140686
A,frictionloss,FR-thigh,0.13934782147407532,0.0,1.5,0.09289854764938354
A,frictionloss,FR-calf,0.9183985590934753,0.0,1.5,0.3877342939376831
A,frictionloss,RL-abad,0.13620999455451965,0.0,1.5,0.09080666303634644
A,frictionloss,RL-thigh,0.11221598088741302,0.0,1.5,0.07481065392494202
A,frictionloss,RL-calf,0.5382477045059204,0.0,1.5,0.35883180300394696
A,frictionloss,RR-abad,0.15456068515777588,0.0,1.5,0.10304045677185059
A,frictionloss,RR-thigh,0.20676232874393463,0.0,1.5,0.13784155249595642
A,frictionloss,RR-calf,0.5658636689186096,0.0,1.5,0.37724244594573975
A,bias,FL-abad,-0.048350512981414795,-0.05000000074505806,0.05000000074505806,0.01649487739063982
A,bias,FL-thigh,0.04747260734438896,-0.05000000074505806,0.05000000074505806,0.02527393363008002
A,bias,FL-calf,-0.04406416788697243,-0.05000000074505806,0.05000000074505806,0.059358327696348315
A,bias,FR-abad,0.0495011992752552,-0.05000000074505806,0.05000000074505806,0.004988014623701354
A,bias,FR-thigh,0.049019817262887955,-0.05000000074505806,0.05000000074505806,0.00980183467564233
A,bias,FR-calf,0.033568333834409714,-0.05000000074505806,0.05000000074505806,0.16431666665797431
A,bias,RL-abad,-0.04938448593020439,-0.05000000074505806,0.05000000074505806,0.006155148056817829
A,bias,RL-thigh,-0.04998132213950157,-0.05000000074505806,0.05000000074505806,0.0001867860527815513
A,bias,RL-calf,-0.04093899950385094,-0.05000000074505806,0.05000000074505806,0.09061001106187684
A,bias,RR-abad,0.049194883555173874,-0.05000000074505806,0.05000000074505806,0.00805117177887005
A,bias,RR-thigh,-0.04713714122772217,-0.05000000074505806,0.05000000074505806,0.028628594746759613
A,bias,RR-calf,0.04586172476410866,-0.05000000074505806,0.05000000074505806,0.04138275919284285
A,delay,shared,4.661644458770752,0.0,10.0,0.4661644458770752
B,armature,FL-abad,0.007553407456725836,9.999999974752427e-07,1.0,0.007552415009143351
B,armature,FL-thigh,0.0014366956893354654,9.999999974752427e-07,1.0,0.0014356971250351117
B,armature,FL-calf,0.031043604016304016,9.999999974752427e-07,1.0,0.03104263505894152
B,armature,FR-abad,0.008686759509146214,9.999999974752427e-07,1.0,0.00868576819491691
B,armature,FR-thigh,0.003654284169897437,9.999999974752427e-07,1.0,0.0036532878231877756
B,armature,FR-calf,0.030218975618481636,9.999999974752427e-07,1.0,0.03021800583648992
B,armature,RL-abad,0.011449640616774559,9.999999974752427e-07,1.0,0.01144865206542912
B,armature,RL-thigh,0.00580779742449522,9.999999974752427e-07,1.0,0.005806803231300961
B,armature,RL-calf,0.031136855483055115,9.999999974752427e-07,1.0,0.03113588661894418
B,armature,RR-abad,0.013529541902244091,9.999999974752427e-07,1.0,0.013528555430802013
B,armature,RR-thigh,0.004298579879105091,9.999999974752427e-07,1.0,0.004297584176691782
B,armature,RR-calf,0.03185991570353508,9.999999974752427e-07,1.0,0.031858947562485085
B,damping,FL-abad,0.38763031363487244,0.0,5.0,0.07752606272697449
B,damping,FL-thigh,0.4203774034976959,0.0,5.0,0.08407548069953918
B,damping,FL-calf,0.4221147298812866,0.0,5.0,0.08442294597625732
B,damping,FR-abad,0.41454851627349854,0.0,5.0,0.08290970325469971
B,damping,FR-thigh,0.42107075452804565,0.0,5.0,0.08421415090560913
B,damping,FR-calf,0.3785175085067749,0.0,5.0,0.07570350170135498
B,damping,RL-abad,0.4656955599784851,0.0,5.0,0.09313911199569702
B,damping,RL-thigh,0.43739601969718933,0.0,5.0,0.08747920393943787
B,damping,RL-calf,0.35481587052345276,0.0,5.0,0.07096317410469055
B,damping,RR-abad,0.43373048305511475,0.0,5.0,0.08674609661102295
B,damping,RR-thigh,0.42536452412605286,0.0,5.0,0.08507290482521057
B,damping,RR-calf,0.370953232049942,0.0,5.0,0.0741906464099884
B,frictionloss,FL-abad,0.1871267855167389,0.0,1.0,0.1871267855167389
B,frictionloss,FL-thigh,0.1322055160999298,0.0,1.0,0.1322055160999298
B,frictionloss,FL-calf,0.9952207803726196,0.0,1.0,0.004779219627380371
B,frictionloss,FR-abad,0.14009398221969604,0.0,1.0,0.14009398221969604
B,frictionloss,FR-thigh,0.1249668300151825,0.0,1.0,0.1249668300151825
B,frictionloss,FR-calf,0.8275691270828247,0.0,1.0,0.1724308729171753
B,frictionloss,RL-abad,0.1438724398612976,0.0,1.0,0.1438724398612976
B,frictionloss,RL-thigh,0.11887562274932861,0.0,1.0,0.11887562274932861
B,frictionloss,RL-calf,0.5205804109573364,0.0,1.0,0.4794195890426636
B,frictionloss,RR-abad,0.15689870715141296,0.0,1.0,0.15689870715141296
B,frictionloss,RR-thigh,0.22614410519599915,0.0,1.0,0.22614410519599915
B,frictionloss,RR-calf,0.533123254776001,0.0,1.0,0.466876745223999
B,bias,FL-abad,-0.0299774631857872,-0.029999999329447746,0.029999999329447746,0.0003756024027377904
B,bias,FL-thigh,0.02939012087881565,-0.029999999329447746,0.029999999329447746,0.010164641071065688
B,bias,FL-calf,-0.02795092947781086,-0.029999999329447746,0.029999999329447746,0.03415116495728613
B,bias,FR-abad,0.029575439170002937,-0.029999999329447746,0.029999999329447746,0.0070760028155744704
B,bias,FR-thigh,0.029488692060112953,-0.029999999329447746,0.029999999329447746,0.008521788012723356
B,bias,FR-calf,0.02362908236682415,-0.029999999329447746,0.029999999329447746,0.10618195175041151
B,bias,RL-abad,-0.029760651290416718,-0.029999999329447746,0.029999999329447746,0.003989134073014574
B,bias,RL-thigh,-0.0299465861171484,-0.029999999329447746,0.029999999329447746,0.000890220224887088
B,bias,RL-calf,-0.026567067950963974,-0.029999999329447746,0.029999999329447746,0.05721552425359616
B,bias,RR-abad,0.029807792976498604,-0.029999999329447746,0.029999999329447746,0.0032034392874214887
B,bias,RR-thigh,-0.02721969038248062,-0.029999999329447746,0.029999999329447746,0.0463384834851979
B,bias,RR-calf,0.026368824765086174,-0.029999999329447746,0.029999999329447746,0.060519577425410837
B,delay,shared,5.5617876052856445,0.0,10.0,0.44382123947143554
C,armature,FL-abad,0.008236878551542759,9.999999747378752e-06,1.0,0.008226960821401516
C,armature,FL-thigh,0.0022036973387002945,9.999999747378752e-06,1.0,0.002193719276145123
C,armature,FL-calf,0.03195967525243759,9.999999747378752e-06,1.0,0.03194999475262967
C,armature,FR-abad,0.009188814088702202,9.999999747378752e-06,1.0,0.009178905878011285
C,armature,FR-thigh,0.003153696423396468,9.999999747378752e-06,1.0,0.0031437278609269047
C,armature,FR-calf,0.030395101755857468,9.999999747378752e-06,1.0,0.030385405610158515
C,armature,RL-abad,0.012024924159049988,9.999999747378752e-06,1.0,0.012015044309742672
C,armature,RL-thigh,0.0047625289298594,9.999999747378752e-06,1.0,0.004752576455875379
C,armature,RL-calf,0.030938809737563133,9.999999747378752e-06,1.0,0.030929119028998232
C,armature,RR-abad,0.014485080726444721,9.999999747378752e-06,1.0,0.014475225478948476
C,armature,RR-thigh,0.0054862708784639835,9.999999747378752e-06,1.0,0.005476325641971641
C,armature,RR-calf,0.03214164823293686,9.999999747378752e-06,1.0,0.03213196955287689
C,damping,FL-abad,0.3795181214809418,0.0,5.0,0.07590362429618835
C,damping,FL-thigh,0.42806923389434814,0.0,5.0,0.08561384677886963
C,damping,FL-calf,0.49857378005981445,0.0,5.0,0.09971475601196289
C,damping,FR-abad,0.39879873394966125,0.0,5.0,0.07975974678993225
C,damping,FR-thigh,0.43303295969963074,0.0,5.0,0.08660659193992615
C,damping,FR-calf,0.41207119822502136,0.0,5.0,0.08241423964500427
C,damping,RL-abad,0.4377835988998413,0.0,5.0,0.08755671977996826
C,damping,RL-thigh,0.4435080289840698,0.0,5.0,0.08870160579681396
C,damping,RL-calf,0.36079704761505127,0.0,5.0,0.07215940952301025
C,damping,RR-abad,0.4406893253326416,0.0,5.0,0.08813786506652832
C,damping,RR-thigh,0.4493449628353119,0.0,5.0,0.08986899256706238
C,damping,RR-calf,0.3801785409450531,0.0,5.0,0.07603570818901062
C,frictionloss,FL-abad,0.1896609663963318,0.0,0.699999988079071,0.27094424232319836
C,frictionloss,FL-thigh,0.12191823869943619,0.0,0.699999988079071,0.17416891539384494
C,frictionloss,FL-calf,0.6999780535697937,0.0,0.699999988079071,3.133501378698032e-05
C,frictionloss,FR-abad,0.1452997326850891,0.0,0.699999988079071,0.20757105022789837
C,frictionloss,FR-thigh,0.1108129471540451,0.0,0.699999988079071,0.1583042129159691
C,frictionloss,FR-calf,0.6999192237854004,0.0,0.699999988079071,0.00011537756435151721
C,frictionloss,RL-abad,0.14483195543289185,0.0,0.699999988079071,0.20690279699909342
C,frictionloss,RL-thigh,0.1213475912809372,0.0,0.699999988079071,0.17335370478210627
C,frictionloss,RL-calf,0.5049746036529541,0.0,0.699999988079071,0.2786076967819707
C,frictionloss,RR-abad,0.15086916089057922,0.0,0.699999988079071,0.2155273763712368
C,frictionloss,RR-thigh,0.1813841164112091,0.0,0.699999988079071,0.2591201707145175
C,frictionloss,RR-calf,0.5063278675079346,0.0,0.699999988079071,0.2766744626705044
C,bias,FL-abad,0.0,-0.0,0.0,
C,bias,FL-thigh,0.0,-0.0,0.0,
C,bias,FL-calf,0.0,-0.0,0.0,
C,bias,FR-abad,0.0,-0.0,0.0,
C,bias,FR-thigh,0.0,-0.0,0.0,
C,bias,FR-calf,0.0,-0.0,0.0,
C,bias,RL-abad,0.0,-0.0,0.0,
C,bias,RL-thigh,0.0,-0.0,0.0,
C,bias,RL-calf,0.0,-0.0,0.0,
C,bias,RR-abad,0.0,-0.0,0.0,
C,bias,RR-thigh,0.0,-0.0,0.0,
C,bias,RR-calf,0.0,-0.0,0.0,
C,delay,shared,5.685327053070068,0.0,10.0,0.43146729469299316
D,armature,FL-abad,0.014647770673036575,9.999999747378752e-06,1.0,0.014637917052456022
D,armature,FL-thigh,0.016018664464354515,9.999999747378752e-06,1.0,0.01600882455284862
D,armature,FL-calf,0.040741827338933945,9.999999747378752e-06,1.0,0.04073223466152289
D,armature,FR-abad,0.01504154410213232,9.999999747378752e-06,1.0,0.015031694419325338
D,armature,FR-thigh,0.01674341969192028,9.999999747378752e-06,1.0,0.016733587028038954
D,armature,FR-calf,0.04317310452461243,9.999999747378752e-06,1.0,0.043163536160215746
D,armature,RL-abad,0.018572965636849403,9.999999747378752e-06,1.0,0.01856315126861002
D,armature,RL-thigh,0.019795982167124748,9.999999747378752e-06,1.0,0.01978618002917266
D,armature,RL-calf,0.0382513590157032,9.999999747378752e-06,1.0,0.038241741433360496
D,armature,RR-abad,0.022720811888575554,9.999999747378752e-06,1.0,0.02271103899921243
D,armature,RR-thigh,0.021187318488955498,9.999999747378752e-06,1.0,0.021177530264505414
D,armature,RR-calf,0.04023781418800354,9.999999747378752e-06,1.0,0.0402282164704107
D,damping,FL-abad,0.5506440997123718,0.0,5.0,0.11012881994247437
D,damping,FL-thigh,0.41596800088882446,0.0,5.0,0.08319360017776489
D,damping,FL-calf,0.5968105792999268,0.0,5.0,0.11936211585998535
D,damping,FR-abad,0.5592684745788574,0.0,5.0,0.11185369491577149
D,damping,FR-thigh,0.44562265276908875,0.0,5.0,0.08912453055381775
D,damping,FR-calf,0.6660085916519165,0.0,5.0,0.1332017183303833
D,damping,RL-abad,0.5482549667358398,0.0,5.0,0.10965099334716796
D,damping,RL-thigh,0.45762374997138977,0.0,5.0,0.09152474999427795
D,damping,RL-calf,0.5883988738059998,0.0,5.0,0.11767977476119995
D,damping,RR-abad,0.566015362739563,0.0,5.0,0.11320307254791259
D,damping,RR-thigh,0.47099560499191284,0.0,5.0,0.09419912099838257
D,damping,RR-calf,0.6166810989379883,0.0,5.0,0.12333621978759765
D,frictionloss,FL-abad,0.27187302708625793,0.0,0.699999988079071,0.38839004530889726
D,frictionloss,FL-thigh,0.27718257904052734,0.0,0.699999988079071,0.39597511965845517
D,frictionloss,FL-calf,0.6999965310096741,0.0,0.699999988079071,4.938670651208855e-06
D,frictionloss,FR-abad,0.22907759249210358,0.0,0.699999988079071,0.3272537091332454
D,frictionloss,FR-thigh,0.2507038414478302,0.0,0.699999988079071,0.35814835102470177
D,frictionloss,FR-calf,0.6999890208244324,0.0,0.699999988079071,1.566750689349016e-05
D,frictionloss,RL-abad,0.2715330421924591,0.0,0.699999988079071,0.38790435259519906
D,frictionloss,RL-thigh,0.24793574213981628,0.0,0.699999988079071,0.35419392337448125
D,frictionloss,RL-calf,0.5774086713790894,0.0,0.699999988079071,0.17513045541099914
D,frictionloss,RR-abad,0.3118087351322174,0.0,0.699999988079071,0.445441057774698
D,frictionloss,RR-thigh,0.2888690233230591,0.0,0.699999988079071,0.4126700403463847
D,frictionloss,RR-calf,0.5452414751052856,0.0,0.699999988079071,0.22108359372758174
D,bias,FL-abad,0.0,-0.0,0.0,
D,bias,FL-thigh,0.0,-0.0,0.0,
D,bias,FL-calf,0.0,-0.0,0.0,
D,bias,FR-abad,0.0,-0.0,0.0,
D,bias,FR-thigh,0.0,-0.0,0.0,
D,bias,FR-calf,0.0,-0.0,0.0,
D,bias,RL-abad,0.0,-0.0,0.0,
D,bias,RL-thigh,0.0,-0.0,0.0,
D,bias,RL-calf,0.0,-0.0,0.0,
D,bias,RR-abad,0.0,-0.0,0.0,
D,bias,RR-thigh,0.0,-0.0,0.0,
D,bias,RR-calf,0.0,-0.0,0.0,
D,delay,shared,4.705981731414795,0.0,10.0,0.4705981731414795
